image_id,tem_lixo,n_bboxes
009079175305_png.rf.30202ebc137811211e1ec40f50885f42.jpg,1,4
015dcd01e58c_png.rf.26d15c2c7dcb3591d15c8e2c19006246.jpg,1,2
01d56ec370b1_jpg.rf.1eb14229d1114380315ce1731fe53820.jpg,0,0
028e863f8da8_jpg.rf.b3571c8a9149034e628572bae75fb4ef.jpg,0,0
02cd54b77c10_jpg.rf.33d1b382a20512333372342d3f942700.jpg,0,0
044bfdc8716f_png.rf.e0202628a18204764297875c2391af52.jpg,1,4
04be7ff19e1c_jpg.rf.d12c401ba43560b31daddca0ed17904b.jpg,0,0
04cc97a3aaf6_jpg.rf.78682457b4b1a135c22f738ded25e77b.jpg,0,0
0500af923984_png.rf.68705a52111f4740c4c3a3079a05beeb.jpg,1,2
051b5664f256_jpg.rf.c6194c2f9b7e99b42b2033247fe734e8.jpg,0,0
05bea12c80dc_jpg.rf.b92736dc12a6efa8125a2ee38c822e8d.jpg,0,0
060c1dd89fa9_jpg.rf.05c32d448aaaae6c45bf635bb9d39636.jpg,0,0
08225d47a219_jpg.rf.4eb4bb2fbffeb23614415a8e629e09fa.jpg,0,0
088ae65d1252_jpg.rf.405aab4121d8a9d8461b1ef9cef34537.jpg,0,0
08f5050fb7a8_jpg.rf.e2b969947555be1a2ad6c6f28784e665.jpg,0,0
0902fff53692_jpg.rf.13ccb5c1990edc59ce70ce0712195ed5.jpg,0,0
0a0293f6ed3b_jpg.rf.97d14e85c171366c4a677abbbad6d2d1.jpg,1,1
0a5e792dd391_jpg.rf.e4465caf62d30d17c836a91ec00704a6.jpg,0,0
0aae81f97e63_jpg.rf.ca825dfa97692b0e241abc6405da280f.jpg,1,5
0b0ae7579525_jpg.rf.639ae2bd3e4c5beb68a04e70ce50fc3f.jpg,0,0
0b11bd5ddb47_jpg.rf.74c50e8d9e04fc4875f0dc60b31f73a2.jpg,0,0
0b25087fdc75_png.rf.3faef6e52728d4e05f53f79a8d88d436.jpg,1,2
0c64c2d39f92_png.rf.30098430544d9a0e87024363f45d7231.jpg,1,1
0ce8607255d7_jpg.rf.45e873a11f8e2cc730dddd27ebaba71c.jpg,0,0
0d1bf7fff18d_jpg.rf.74ea86c7b2a3975e275f6ef7fefdaa1d.jpg,0,0
0d212ac331e0_jpg.rf.0f85707aeb6321716d579710a84e9332.jpg,0,0
0d8d65bc41fb_png.rf.716990f2edd12ded04378f6f39d2cb72.jpg,1,1
0e87da65324c_jpg.rf.a03b1b0d5a58ba6f8cca765c27b43070.jpg,0,0
0f22247af2dc_jpg.rf.a33acc78cd4faabc282984318828c72e.jpg,0,0
0fa64744df05_jpg.rf.9ebb8bb7cb28609116fb0331fe00520a.jpg,0,0
112f561a35a2_jpg.rf.1275bf7b7e49ff14ede529c79465bed5.jpg,0,0
124a288716c3_jpg.rf.31ca0ff21718de8f9229682383fc0682.jpg,1,3
12573ab98fa5_jpg.rf.90a7f38eb0e1634de2c526ee50941d0d.jpg,0,0
126db7d10b94_jpg.rf.1c49098ca74046748afd8dc0752d79f1.jpg,0,0
126f119597ef_png.rf.1b6376871e931c5782fa57ff7f1ee1fc.jpg,1,1
1272bd8b6709_png.rf.56abb90f8722722b6cd769ac21323336.jpg,1,1
12a14f8d8ace_jpg.rf.aea0d7124d00951a8e1184d57b85e36c.jpg,0,0
1328b87691fe_jpg.rf.cad01facc412aff5848f7a94d8b46b0e.jpg,1,1
14021a570a8f_jpg.rf.31f5cef5887f158727b372f04fc61d84.jpg,1,2
1484194c86df_jpg.rf.c7c2f6e5ba580885c8a190fe97878251.jpg,0,0
14be6fd3cf43_png.rf.f3134b82765cacf6da3748beb31668c1.jpg,1,5
151349a36f8b_png.rf.f2d1c82cc33ab5810e1e9a3f9a6e9646.jpg,1,2
152a1aa4e0f8_png.rf.dc8d71ae592c3962e6cde77a143b16a7.jpg,1,6
15448512f793_png.rf.256abd5cddd67c6d8ae2d231cb34c059.jpg,1,4
155cd2756373_jpg.rf.775c01379cb8ee05649a96192f6204ab.jpg,0,0
16ba51c424bf_jpg.rf.2fc97340d3dabf96165932d7d690592d.jpg,1,6
17aa7bc3d1bb_jpg.rf.4d84f54f30e72f8d1642f0d171f6615a.jpg,0,0
17f096235971_png.rf.1b88689cba1a303507f4cce330b9d0e8.jpg,1,3
17f9f364de24_jpg.rf.8987af8ad501f3c5e9b7453cc1788d89.jpg,0,0
18372fba680c_jpg.rf.1abab77ce22a4a13d82cff2d3467f17e.jpg,1,14
1858d902c4ad_jpg.rf.0b04384bd5dd58822594409ba0826ba9.jpg,0,0
18d37495a186_jpg.rf.8c5a943498b944997780833821554eeb.jpg,0,0
18e44614339d_jpg.rf.cf124481fa0c037138ffa10ac54bbb68.jpg,1,2
18e8a147fdc8_png.rf.ae0308abe5f1c14bbdd1ea9af76e1513.jpg,1,3
194be5ee654d_jpg.rf.d4c76b94d5a44a6d498e2f1f765cd3fb.jpg,0,0
19f42c42e78e_jpg.rf.02ae574c747238413a27f684b23cbd33.jpg,0,0
1a7aabb11183_jpg.rf.9a175186bc0b9f1d7b16b3de51960d0d.jpg,0,0
1b0e6771e4a3_jpg.rf.c11985ac64f3950e2f311a86a995a2de.jpg,1,7
1b821a1b5e0f_jpg.rf.1d2d9392bae5e4baf8ece11e82468cf9.jpg,1,6
1bdec7d66899_jpg.rf.1448cfabb5127d664f76545f7e4df684.jpg,0,0
1d1608abbdba_png.rf.d3076c238758546440c25aeff6ce02df.jpg,1,1
1d35336ee690_png.rf.401471dd140c07b77e290b8d485ef699.jpg,1,2
1db4cf901fcf_png.rf.e85bf00d13f4e510a575867c531f0e9e.jpg,1,2
1e363ae41adf_jpg.rf.1303a80f4276a965d9261dab05e04628.jpg,0,0
1ec1f4edbfb0_jpg.rf.375f291d0e061efa638151c6bf43ea41.jpg,0,0
1ef36e4c5df0_png.rf.ff9ad71b9f867c89a05a68fede6239d0.jpg,1,3
1f1e5fdfcec4_jpg.rf.da0058d17b720f598ebf396ccee26b42.jpg,1,1
1f7db0f1fd3c_png.rf.89c2f3010ed42371099224ba4094ebe0.jpg,1,3
1fdd45ca8520_jpg.rf.8356951add2a5df453ffbbe52809eecd.jpg,1,4
1ff3859f720b_png.rf.040cbd0ec85a4f9972cd5aaff3d650a0.jpg,1,1
1ff6c302467e_jpg.rf.bfecb8cf4a66cab518c8bc3d710ded72.jpg,0,0
1ff9862c8e39_jpg.rf.16ab00a44e5e41c5101a687a9d24dbbf.jpg,0,0
206e74116a93_jpg.rf.3d9751a3d1e5f5a55643da162cfaefe9.jpg,0,0
21144456b5c6_jpg.rf.4076c0574b48aeea76ee28f8fff5afba.jpg,0,0
214a2a2a9519_jpg.rf.51ddbb502df5663fa8e5832c61221707.jpg,1,4
220130a63088_jpg.rf.41222f0a2a601abcdc413e2afde93896.jpg,0,0
22d6fb33ca26_png.rf.8c97f54896b4da96a8d7a4b9be6be731.jpg,1,2
23325ff33692_jpg.rf.45b5e0d4cc953e2672f1afb3b6d1830c.jpg,0,0
2334744780b7_png.rf.8d024fca180f6c5e290e044b779d53ed.jpg,1,4
2408f9c078cc_jpg.rf.339a979cc214e064de3b6a7a93d2ecfa.jpg,0,0
242b38a0e593_jpg.rf.983df761b312dd9eb929ede79cfa30a8.jpg,1,8
2441b852ea2c_jpg.rf.4b6e073de753d8e722518cdd674f129f.jpg,0,0
24a0b394b85a_png.rf.ea8942f5b8c62c9cb581bd828b1fa57a.jpg,1,5
24b58b54fc40_jpg.rf.f6a3220d009a8255c7f1f6136c0dd2dd.jpg,0,0
252763ea358b_png.rf.829e0ce48f858f89bee71372f0c0ec4a.jpg,1,1
260bee374357_jpg.rf.3bf9096a25fdf1a7eb48bba6fc6ba699.jpg,1,1
27c8e534f25a_jpg.rf.9441f297c5804dd0bb74b0de4a82d24f.jpg,0,0
285fb2b69d92_jpg.rf.6e100d73c24556bc0df6df8b2e1da8a1.jpg,1,1
288c15466b69_jpg.rf.6d8d7a5649839311841f1ed319521b27.jpg,1,11
2893dd407859_jpg.rf.ffb0f845df761ff5030e25702e5591c0.jpg,0,0
28a7e471fe32_jpg.rf.d145377b39948507dafe5aee3e1eafe3.jpg,0,0
297071099355_jpg.rf.629c85cd9a86d18cd3b3da8d7d1b90a1.jpg,1,1
297b0a76ef7e_jpg.rf.47a1a272f9fad72e7884fd75d1b98b5b.jpg,0,0
2acfcd85646b_jpg.rf.d5ca1e2d63697d34761811de7ec39716.jpg,0,0
2ad37d361ea0_jpg.rf.2ece164cadc202212aa4ca83caba159d.jpg,0,0
2b28d4d45e11_jpg.rf.38905cc5333dce1f5a7e72e2130e10a4.jpg,0,0
2b393a010dbb_jpg.rf.eaf3894990ee699fbd8d07a4ed75820c.jpg,0,0
2c11b686387c_jpg.rf.91c0b08c95e65bfdf0dbfa72865fe140.jpg,0,0
2c65e68e4a1c_jpg.rf.3688d0ed560a277c329f876aae4c61b6.jpg,1,8
2da8d77c675a_jpg.rf.3e86fde07e60d5d20a6dcd26f04cc08d.jpg,1,2
2e0907bd487f_jpg.rf.68132da072f52a0da5adc37769fd10ef.jpg,0,0
2e926b20e632_jpg.rf.073b06ed040dcdf6b6f8c14638694a75.jpg,0,0
2ed56ba34bde_jpg.rf.4fabdcc62b726e26b1347a2d5ee1acea.jpg,1,4
312d77d36119_png.rf.ab16d2cfcc0d311c6a1f7b041c49a1db.jpg,1,3
319e283a5d21_png.rf.b866d1a6ab873bf8839a6d651e75817f.jpg,1,2
31add224fdfe_png.rf.4d9b17a6923135b0e2a8f8765160acdd.jpg,1,4
327ed2718953_png.rf.cff07261b20f70be9654665ce4d0f341.jpg,1,3
32d40c7b0a87_jpg.rf.3fa0cd3d6fcc79a975ad2ff12e04f6ca.jpg,0,0
333fdc8d3c37_jpg.rf.28388c732e442e07ff4142fdfc11108c.jpg,1,5
3347ce8dce34_jpg.rf.af84ff452f29aaf94d7259a02231f2ef.jpg,0,0
33e7ef622095_png.rf.1c7455cf87ad2667d3d1e829056adf65.jpg,1,2
349258b187cd_jpg.rf.163edf72617a1663332914e961db67ef.jpg,0,0
35430c5ced80_png.rf.6cf53f4fc3f6203070d0e935e797d963.jpg,1,2
356c87f4c2cd_png.rf.a77deb56fa5b108c0c6d8dde4cbea42b.jpg,1,4
357fd139125a_jpg.rf.03e3e4c3f23816a2deaa40a2bea2b6c6.jpg,0,0
36a81a8cc212_png.rf.d399478edf9de570fd310ae8a5e10e5b.jpg,1,1
36befe1a9073_jpg.rf.83f4dc35fe2a61e39edeab33d078a2da.jpg,0,0
370367330e5f_jpg.rf.d2c6fc4430f6a3b269a77170f3985481.jpg,0,0
3717a45d945d_png.rf.7af2264d7280a5a8ef4288fbe6e0256d.jpg,1,2
387dba21c715_jpg.rf.89f2c13af6865761eafa5c6933bb6d0c.jpg,0,0
389bd43f896b_png.rf.982593d161a66cc12026aa1c18233ec2.jpg,1,3
39535ca80e6b_jpg.rf.afd40edf9d6d88dd21f72f209093e7b0.jpg,1,1
39af588ec3b3_jpg.rf.906c4d778f0c725dd7635a956269d76c.jpg,0,0
3a027492d7f5_jpg.rf.ae9be65edb36d72d6d9633b773b403db.jpg,0,0
3a56004eeaf1_jpg.rf.727c63f9a7f657b1b0cb19abf4e23a9b.jpg,0,0
3aa73a506926_jpg.rf.97f0223128ed44066f670fb0b6d4a50b.jpg,0,0
3aa9f03c84e2_jpg.rf.69499388b5dd509bda60b3762a74037a.jpg,1,4
3abbda190d8e_png.rf.a00c2304907c4b4633d32cc87228ee86.jpg,1,2
3af7da30da04_jpg.rf.3446ea5ba5b9aede477bbe6d079a0113.jpg,0,0
3b11755ba9d1_png.rf.4f522230bb60d600cd0897d04c7a708d.jpg,1,2
3b1433b2c1ef_jpg.rf.739c2db7b30823d0d0bbb49d9cd04ec6.jpg,1,1
3c157628a85c_jpg.rf.3a7aa5856ea1996756ed5b9d01408d53.jpg,1,3
3c6a6b735642_jpg.rf.1cdabe0e22b0e4a558b0fbe396e59678.jpg,0,0
3c8e3c7618b4_jpg.rf.6ffd87e6fb5988ca3e9af37b1502667a.jpg,0,0
3c8eadb2cb59_png.rf.9e3af79fabd8eb02cb73a97cd72d69c9.jpg,1,2
3cf9f2939ce5_png.rf.be23da98bf286154d14ca911c87779a6.jpg,1,2
3d8541810642_png.rf.d7b515213d541a5886601ab2bfe22ee9.jpg,1,2
3dae90f4426b_jpg.rf.fae65dbcb633f86ba40f9516af55d542.jpg,1,4
3e0c416c3858_png.rf.78bad53ff8d0b6e1ec8341d9609b7953.jpg,1,5
3e7c9ccbf73c_jpg.rf.4f15bf45ae672f6640e1865a9f8294be.jpg,0,0
3f6e4bf22279_jpg.rf.cb703537bd718aa768d591f984d0d364.jpg,0,0
3fb644e61cab_jpg.rf.0a80223cc8b4dc6d8908b33c178fc12f.jpg,1,2
3fc6b0754966_jpg.rf.404bc12d4cecc1420169e3c4219b52cc.jpg,0,0
4124bb8317b8_jpg.rf.1f5e2ac34c56078217dc4174ce69644a.jpg,0,0
42563eb3e2b6_png.rf.28d78b2986f457f5e4b19abda48ceb74.jpg,1,2
42d2a2c9da76_jpg.rf.13623134c40c293befe280c27e56a37f.jpg,0,0
42e00fe9f43d_jpg.rf.24a23e402af34560c32d6bb858fc3265.jpg,0,0
4349e83f24e8_jpg.rf.d112c74527ea0e8f10556a9057818120.jpg,1,8
434c56f6a33f_jpg.rf.adcf606613518bd67c1c18413aaa36e3.jpg,0,0
4351f6694bce_jpg.rf.ad2bb1cc7d76b73cb48284b7b2cb4919.jpg,0,0
4413371b7fd3_jpg.rf.66bb47f4c20e3e4af2577720760f968e.jpg,0,0
441f3e1a0380_jpg.rf.597482d5558bcfa6e9400949bda9c52c.jpg,0,0
442900c8d3c1_png.rf.86b5103ba400a0737a97c4179da71606.jpg,1,4
445c92e439bd_jpg.rf.afef6bd6b0afee3f6d5ca38e51161b4e.jpg,0,0
4529a804ec4b_png.rf.55a8d1bf940ca1b9593e0bdbb4a9e0f9.jpg,1,1
45b0313245df_jpg.rf.af17d7f4f88a6c4ef61ee11eeeb7b3e2.jpg,0,0
4614fd758cd4_png.rf.e4fe2bb1e33f2f8b60f2c065d635b2f1.jpg,1,1
46321d1e2b96_jpg.rf.95352786b5f94fc0ba163c298654088b.jpg,0,0
47e75ddfdaf2_jpg.rf.9c790d1438f4e9c9e31e99a9e95e2455.jpg,0,0
499b21225aa4_png.rf.6cd125ad08158c809b9239a9c0721fb6.jpg,1,2
4a17dc5abe18_png.rf.3bc8069b3dbe616d828a9b0e8a334a1b.jpg,1,1
4bb2c5be6fe6_jpg.rf.2446bb503334caecf88fa647667a29f6.jpg,1,3
4c01056f1600_jpg.rf.c049b54c8ba5ae6f92befc93f1e010cb.jpg,0,0
4c24749da564_jpg.rf.71cb6d41e41aff6cc4e8e3b1d95c3944.jpg,1,2
4c8b7102c881_jpg.rf.b7b49301d1f5c3327b8e910ffcee31ac.jpg,1,3
4cb75a752e41_jpg.rf.abd42c55e1a20ba19f1bc65739345f86.jpg,0,0
4d0549e4b565_jpg.rf.58d12743e5ce5594355c5c6b0a4226f6.jpg,0,0
4d347fecc4a2_png.rf.4d4eb13bf5a8935ca35c4ea5129a9e35.jpg,1,4
4d5b65bf4ffc_jpg.rf.51cd751fd103da943b5dc1250c6fe988.jpg,0,0
4e262eb9cd41_png.rf.a41851f7b52c529ff640bbb2f27d2859.jpg,1,4
4e6c92b6a122_jpg.rf.20db635e7f620de477df54264bec5109.jpg,0,0
4e9b84b3f990_jpg.rf.939c113c49d14bcdf730256665ee70e0.jpg,1,1
4f1929e962d8_jpg.rf.b81d068d020d78baca57e91fef64f460.jpg,0,0
4f807a6a60a0_png.rf.bf72c78014110878a2649f73b2a4e88c.jpg,1,4
4fb499242873_png.rf.715def398ebd0a5e5c00a416870b7aea.jpg,1,1
4fcda203804e_jpg.rf.7beb549c2468cafb37f65a6cc576dfd7.jpg,0,0
4fd27f51824d_jpg.rf.fe90c731cba8a28c7bdc30683e5807b3.jpg,1,2
50fae008018f_png.rf.b68a06a7ae551b4bbc1fa75061a7d632.jpg,1,2
5242da87632f_png.rf.19542649018e829897adf0d5c788bd36.jpg,1,1
533e203952d6_png.rf.cb5c4f7d74e3b0da1253ef48c4f305ad.jpg,1,2
53a7c7513ab0_jpg.rf.4d2b77bf478316996f2ecb170c304bb9.jpg,1,1
53bcaa75c1b1_jpg.rf.90562420451f142b3ecaccb1787123b3.jpg,0,0
54931c997a91_jpg.rf.58e4ced914298586fd535b8c33f94541.jpg,0,0
54c6cab67ef0_jpg.rf.7c3fbe7faee8b213d4541f96b66280a1.jpg,1,5
54df5275f7c6_jpg.rf.96f0dcd3e5e2fe9bbfecbde5f461559f.jpg,0,0
54f54d50c92e_jpg.rf.97ec007bc99b0b28fbbb9a321f695791.jpg,0,0
5521d48d16d7_png.rf.efdfc7454ef8181ca532a4cecd366b64.jpg,1,5
55bf0b90516d_png.rf.4ab284e884aa1c0a6b7424236e3b883e.jpg,1,2
55fc6df055ec_jpg.rf.7b42483c1910ec7c548d66a5ac832af3.jpg,1,4
56a755ee2c62_jpg.rf.b1bc5271586a4f893a1704f086da773a.jpg,1,9
5727b22fa9b7_png.rf.7127e4a553720fede56495ae118877be.jpg,1,1
578e68b66723_png.rf.3f1a0b576c86c086ddaff7513f7e233b.jpg,1,4
579089a9db88_jpg.rf.5f3e0d2665f5fa3dfdbf0efb91e7584e.jpg,0,0
5a24970852f4_jpg.rf.498b02d775347cdf343f81133b513ecf.jpg,1,2
5a48c35bd219_jpg.rf.f864c35b44c2ff0cd1f33855003aba46.jpg,0,0
5a7752bed5f8_jpg.rf.1c32e2be7a3744bbafcafa14b86f3d27.jpg,1,1
5a842d3dce07_png.rf.967c55045e74f4bab019986cb75d6cc5.jpg,1,1
5c4f696feb12_png.rf.2c79f2b8aab3d34b9b7075dbc5681bcf.jpg,1,3
5c504e09173c_jpg.rf.edd1399b7740f4516caf23204a21b563.jpg,0,0
5c80e73d7c6c_jpg.rf.cd499ef5324b48cc41a8acdbd9e4d68f.jpg,0,0
5ca41919e05a_png.rf.3841ecb5e411b2b4b93d2fa4f715d154.jpg,1,1
5d4ab3d8a466_jpg.rf.cfd0dc2982739d42faf53a3018c71209.jpg,0,0
5dd0f2a6aab6_jpg.rf.000a81b0887741e1e7827e792778c8b7.jpg,1,5
5dfb6217c6de_jpg.rf.b49bc90c899fdc4cd3a25ac06a9da03d.jpg,0,0
5e6b5a32e8e6_png.rf.d63834ddd7f5811a390bda24c6bc804f.jpg,1,1
5ef9222a6e84_jpg.rf.45b600605896eca677cbe4d29262bb3d.jpg,1,4
5f8739f4363e_png.rf.737142d04efd3aa2e5523e0827bd4c80.jpg,1,1
5fb8f7aa81ef_jpg.rf.4e2df16686d283e5744c506509579fad.jpg,0,0
5ff742a2cecc_jpg.rf.c146a5a60b2264437a436f9788e64cc9.jpg,0,0
608572a6764e_jpg.rf.dbb082b38f60a741c12b303d18865f49.jpg,0,0
609fc13a06ee_jpg.rf.71c1a7ca5414843afb300ebadc1836b0.jpg,0,0
60b08e6d9f52_png.rf.509f40aa3cb712266d402a1c49b1e1b3.jpg,1,1
60bc2ba1d75c_png.rf.31a381acc7397ec633a85fb415642deb.jpg,1,1
614e6ffcc576_jpg.rf.76520eb6950bd5cb982412b9db2dddd7.jpg,0,0
6213e3a0f26a_jpg.rf.b42e58e7fd619790e541ae3ee73dba0f.jpg,0,0
627b72cde112_jpg.rf.aca6188b969095e6e631d4e3075e79fc.jpg,1,3
6281ed9bef16_jpg.rf.39e395008ef9a333c457faac20fbecef.jpg,0,0
62ad9e1652f2_jpg.rf.1bdbec85563b3b318666561e92157014.jpg,0,0
62b55a16ed49_png.rf.48a845045d00b55cc96963b407d47a6c.jpg,1,1
62fa0e3326be_png.rf.a80f9400933dde52e19cf7adccfc0ad5.jpg,1,4
63feb8c2d204_png.rf.1f45a8e47ec9bb24dd76d1fcd9dd04e0.jpg,1,2
6440acfd8156_jpg.rf.4f7de6e5996e7fd402854fbf2b54230c.jpg,0,0
64fb3decdf64_png.rf.303cafb314eff9ecb0dcda41bf9e8375.jpg,1,3
65167a673312_png.rf.07777b3bd17ef252d8cb849aa2e15091.jpg,1,7
66eb5e1f3f78_jpg.rf.467ff52fbb542c5d0f20af37d76d1d97.jpg,0,0
6728e51ac85a_jpg.rf.e17415ca589d5825d37cadb254518ce3.jpg,0,0
675b1e10f583_png.rf.13ce03655ec766a67b059c291c82c62c.jpg,1,1
688628c7015b_png.rf.d50b9ad7d127ae844763971a7ccb9447.jpg,1,1
68f67efa2e34_jpg.rf.e8e3faa7762fa18860d1c1eec85ae412.jpg,1,1
69c59255958a_jpg.rf.7f1d37ab6432b1e7c8eb4565d845db53.jpg,0,0
6a174865016d_jpg.rf.af31955f964935151a99870d77163aa6.jpg,0,0
6aead584fb82_jpg.rf.fefb7f5aed5caf5ccfc97920df583799.jpg,0,0
6bf2c31a87bb_png.rf.805a9cb059d0fe0a8ea374975212fcc5.jpg,1,2
6c34cc5c1a55_png.rf.74cab6a65e08bcaf8af132e72830e03b.jpg,1,1
6ca9232835f0_jpg.rf.448b084d7607a98ba7b9f2c5f2bc6d0c.jpg,0,0
6cf73d75c642_jpg.rf.38c9165c52ac04a1296a0c328c410039.jpg,0,0
6cf78de6cf01_jpg.rf.a9bbe61652d5ca92bf9d389975e9d2f7.jpg,0,0
6d413dfe51fc_jpg.rf.0414b08fbdfa6353b69362ac9b12390d.jpg,0,0
6e08e48a8741_png.rf.657439e7c715ffc2a72193861ea02bbe.jpg,1,2
6e98ebdc2e07_jpg.rf.7e7b7a8db593df05bd951379294395c4.jpg,1,1
6fb041decc06_jpg.rf.1236b16bc9c8dc9da01317ef32daab4f.jpg,1,2
6fe23d42a59f_png.rf.3c45843bad03ccdf7e8634d8b5c41408.jpg,1,1
707cb8410fc1_jpg.rf.ab78d9c382510a053e5f8a04982e628b.jpg,0,0
70bbcd34628f_jpg.rf.31d21ecdff8de4190d73d72bfca41af7.jpg,0,0
70f0336b1655_png.rf.d7a0e3b9a93f280c0dec9ff0cc0d06a1.jpg,1,2
710b99872250_png.rf.c33faa907dc3eda4c4328514200072dc.jpg,1,2
7144716e3627_jpg.rf.563399cd11ddc764c0742d56418f805d.jpg,0,0
7298c48560c8_jpg.rf.c21ccbdb671719d89f59473c219d34f0.jpg,0,0
72bc4956d5c1_jpg.rf.d516ee6acaa698e2f1f3a4a376bab36f.jpg,1,6
72e8f0a1adb4_jpg.rf.cb427e5652e05d9fb36002be9c5e39fb.jpg,0,0
73417e4be342_jpg.rf.b5ea8745514ccdb7a9c4a2bef7cbe688.jpg,0,0
73ff758f3253_jpg.rf.e0e46885a6a73145522542ec0cf4911b.jpg,0,0
747bcf0607ce_png.rf.6e6ad99923e2d58bc55a22b3124ecb38.jpg,1,1
74a3e7ec65ec_jpg.rf.c4d3c1507b5352684c21a46b94a6ab9c.jpg,0,0
752a89a7dd89_jpg.rf.2de85db8d5c8abdcc06f8ca0c84fa46d.jpg,1,2
75a29d263d34_jpg.rf.aa005c2be1257da6086852869b2af45d.jpg,0,0
75ab2334146a_jpg.rf.cd74cc1298b8bc6547e35e6db0d0f313.jpg,0,0
76447f3cb3a0_png.rf.c4477f94ed3d0d6c7703947d6c737d02.jpg,1,2
76820e0e1897_jpg.rf.781ab41de3648d727f959f358c22c494.jpg,0,0
76e70963b347_jpg.rf.ba218cb7d24ae59acbd75d57515f978f.jpg,0,0
77a154493f01_png.rf.98c4033e9b3f3abf47ccff830a6df86d.jpg,1,1
7806dec1b3e3_png.rf.5d91e0ac2154b44633f652fd14795c44.jpg,1,1
7843bdb7269a_jpg.rf.1c2441a225e6efee54acf4634ab69d8e.jpg,1,4
784b05b6666a_jpg.rf.b9f85a50fc5882cd01ae9afce25fac99.jpg,1,6
78a8cacaef71_jpg.rf.1bbc353623882a1370329ae6a4185eaf.jpg,0,0
78dc2dedd17b_jpg.rf.4122750bff90b406a6bf36e4fe215e72.jpg,1,3
790a890aae70_jpg.rf.f64260f265c8e62b9c07e75fb273377d.jpg,0,0
7971717c26a7_png.rf.46fd7653180af3388ec9c055a5e9f7e6.jpg,1,1
79a6cc1d2a5c_png.rf.5387b269c2717b2802dc48882d544e81.jpg,1,1
7a4ef090a93a_jpg.rf.e2bac4b7e078d45abeacdf3031832928.jpg,0,0
7b143df52319_jpg.rf.122a4e4e6740d5514c1819c0c6b9e7f1.jpg,1,5
7b1d9ea47c51_png.rf.e70be88deabd513498e06afcaca832cd.jpg,1,1
7b26c6f755e6_png.rf.798a3b9e6a2de13e86eb0d708c5c8f58.jpg,1,3
7b74192d2730_jpg.rf.3523a4a4eeb97cc40cf3ff7d388cfe03.jpg,0,0
7be7279a55f2_png.rf.c64062bf5ae551c052d062ed4f1703ff.jpg,1,2
7cd2fc1ac75c_png.rf.ae67487c795c828d86fd75ad3488c67e.jpg,1,1
7cdd38a33076_jpg.rf.80885e5d09e0b8a5076fb65bdfc0a04a.jpg,1,1
7d373873aa8d_jpg.rf.34b052783d389281f693c472295c6a9d.jpg,0,0
7eefd585a0c0_jpg.rf.f28d538059d23408642ed066acc367e7.jpg,0,0
7f851398def6_png.rf.cd8bc05db95f3aa4f85efc7ddd9ba97d.jpg,1,2
7fab42d82c41_png.rf.b149c116a46f09ff9b42af267a8a81a8.jpg,1,2
7fc2461cf462_png.rf.c53b881e06cf653adc4dc348c77379ca.jpg,1,2
80c413a78d0d_jpg.rf.04fe9934e2ad70b31f6257e0e68393e9.jpg,0,0
80dfff75158c_png.rf.2e9f656fe456b912bda6bb7bb38a3be8.jpg,1,2
81820e16ee95_jpg.rf.b62eca6904bc4460051433973f719867.jpg,1,1
826049b71f6d_jpg.rf.a0e78a4d02a9dda219f67648ed842631.jpg,0,0
827a25a1d358_jpg.rf.0a3cdba7818d63905f0d1b9ba1f96110.jpg,1,2
828658c615a2_png.rf.442b6b65ae22f3bfa6f70a71d6bb72df.jpg,1,1
82e4404a6c9f_png.rf.ecc6f7a4a1860b9538e70da214d69fad.jpg,1,5
831b8f088446_png.rf.2f936acd1d336a45d6ce7742f204ee42.jpg,1,3
83b998d3f471_jpg.rf.73d078d91065bbf409f7712aed2c3435.jpg,1,7
83d35c572981_jpg.rf.1e8e9dbe26b97af2d7636251ebf0ec67.jpg,0,0
83e1fa21d820_png.rf.084af28fd79619cf51f070121714365b.jpg,1,1
843b5d289646_png.rf.a904b7beabf621dd93a2d777a2733d26.jpg,1,1
84cf26a9cb78_png.rf.c0a248cb117f817bc329f12206449f12.jpg,1,1
8501d29dfc5f_png.rf.0ad6dcee5ea8035fe03f9ee80db29bc4.jpg,1,1
851ae9ea267d_jpg.rf.80130513af318c32e20e4058dfbb8e90.jpg,0,0
88800b0a34dc_png.rf.cbb8c2e385a5e2ab727f9d80e5f9eaf4.jpg,1,3
8888f1c86e5e_png.rf.a9a6fcc0cd86ce0a53ce9db1e73d58b2.jpg,1,1
8950fabef0ae_png.rf.58122e67b00d49d596e8b0d089448adf.jpg,1,1
896ff30a02dd_png.rf.44b79b4ef303117c115470ad66f03520.jpg,1,1
89ae8a1f9a22_jpg.rf.a1fd81509176d3d5db14a85c63a0e321.jpg,0,0
8a02117bdb68_jpg.rf.68f8ef03dd2a8c58441d51729bbd8da9.jpg,0,0
8aa30807bf95_jpg.rf.792cc95b256e99b6aec507f05e4f073f.jpg,1,4
8b6299840c89_png.rf.0f5957ddbcdde5a4cbf1150bf632e786.jpg,1,1
8b79ce6ac91b_jpg.rf.246ee4db12190e928cc83c4f955a098b.jpg,0,0
8c3f610a32bf_jpg.rf.1b5c1176f6b354a13e68eb5d96e9e55a.jpg,0,0
8d7c6fdb4fe0_jpg.rf.0e69729dfd40ddc69a66e2005c57dc42.jpg,0,0
8d81689fa9ac_png.rf.6b21a594c4a054c9970c3b03ef1c50e8.jpg,1,1
8d8df68aa386_jpg.rf.2b9412f94642c68950328a113a1838c3.jpg,0,0
8dc6633fee27_jpg.rf.5310483a626ca43e9ca7418ce6177771.jpg,1,3
8e2ac1f25b63_jpg.rf.394cd724e99b99c33dd67ce9639d9a5f.jpg,0,0
8e7f43ab9a5c_jpg.rf.e909cfb28443f01731c6245ffade0717.jpg,0,0
8f6d6835c621_jpg.rf.38a84f2e377edf4f95655c82fc08e5ea.jpg,0,0
8f81e00b929f_jpg.rf.7e7e744c785ab3e6ccefc8297563e9a1.jpg,0,0
8f885c2a995b_png.rf.085f9eaf066226a58d0330f8c5225da9.jpg,1,1
906f7d32faa5_jpg.rf.88c14f5c526e3b1615022c10e41505c2.jpg,0,0
90744333d038_jpg.rf.1963b61bfcabc8f6608432ede11eda33.jpg,0,0
9087d94855f7_png.rf.b694a7cdd7129ffdae3f95a3d32b588a.jpg,1,7
91861d3070a5_jpg.rf.5ce948a1fc00f0d002dec85dde6dd4b4.jpg,0,0
932afb9424f3_jpg.rf.98ea527ecd0bdbfbbf9369c84226f642.jpg,0,0
93e5e6725785_png.rf.6a2acc3b7821d872cdeb22697811ee95.jpg,1,1
943b2b78c03b_jpg.rf.75c80aab13600a4b3ed569ab851fe34c.jpg,0,0
9464ea89d461_png.rf.0392be41e579232f526771bbe0200322.jpg,1,6
954cee939dcc_png.rf.3b232482416217ff0cd74a87085c86a0.jpg,1,2
95c84a877b4a_jpg.rf.e454fefb83199edcaee12813bc47f65e.jpg,1,5
95d72f5da81a_jpg.rf.3931b2db97b3eae81ab3fd16423efa9d.jpg,0,0
96b10d2f6b4f_jpg.rf.292ed1ca9c120712d0f50aa3bce20b6a.jpg,0,0
97230b87bf72_png.rf.fc511ae6000ff685411f770b70a817b6.jpg,1,1
97cad31d92c7_png.rf.d4581fcd4177f065ffbafd102b73c5cc.jpg,1,4
97d419ac2e0b_png.rf.7d92f74835e3b1641669d4e28d70f62f.jpg,1,2
98b66996a4af_png.rf.1000bea8be498876feccf9bc6b0f08f3.jpg,1,1
9c23d270785b_jpg.rf.9352e419360c40fc457d9785ef61e791.jpg,0,0
9c4a76ed1236_jpg.rf.e2dd0104591fd455a5e92b6a17e1c7f9.jpg,0,0
9c7a4f87141d_png.rf.d0d7dae17d9baa6895127663dd447085.jpg,1,1
9d878dc95edd_png.rf.2ce7d6addf8ff9d76c69e6748275bfd0.jpg,1,1
9e2fa9088ee2_jpg.rf.c97733ec433ea6d28e9f374df0dd9b45.jpg,0,0
9f5c60e1eea6_jpg.rf.97e2ba0e312abe3784c88b5c30fed5b3.jpg,0,0
9f688b09441f_jpg.rf.04bed77bbf4955675475d0d1fb811389.jpg,0,0
9fc3d81eef6c_png.rf.85efe361e9aa5d09393d32076706839b.jpg,1,2
a0591762f4ee_jpg.rf.ecec49505f92c7127d6d7a104767443d.jpg,0,0
a086fbd6a155_png.rf.c974572ebed0faed90c7d185f71e3299.jpg,1,6
a173fd3521a0_jpg.rf.ebe2cd897f97a09345467ee1870a9fa6.jpg,1,3
a1741b03079e_jpg.rf.0cc57c38af3fd6f177d45a7179cf735b.jpg,0,0
a1a583eafa95_png.rf.4ace05ff352b552af5a40447a83cd55b.jpg,1,5
a1a73f9144fa_jpg.rf.0d08a7a54a346b84abc2f60df6bc50e1.jpg,1,1
a2780dfd42ed_jpg.rf.d2625e5e203c60d6955355a696a94c99.jpg,0,0
a35bc61f72cc_jpg.rf.156eb351eefeacdb44f03fb54c418ffb.jpg,0,0
a35f0fb9ebc7_jpg.rf.4dced00915fbd55a17a9b50161825bbc.jpg,0,0
a39d7b7a4022_png.rf.052990ae37eedb048b1f97f54a605e7a.jpg,1,1
a40b5dc37463_jpg.rf.941f2af6055045d185a73fb8dd4ac974.jpg,0,0
a48a42069ff9_png.rf.8a92d7847f6b977e4667a89052725825.jpg,1,1
a49dfbc9b0b8_jpg.rf.0c1576e1699af080745f0b6e8efeb0b5.jpg,0,0
a4f144c93ac4_png.rf.a71d0e5308a35c0706294f2b634492f2.jpg,1,2
a551f138464b_jpg.rf.51335420541e2bb61f9e0bff80e1862b.jpg,0,0
a5da571feaac_png.rf.a88ad4e136b10889cfaf1252aa3986a9.jpg,1,4
a600400acef4_jpg.rf.0110c886439db342c4f285eb49cad057.jpg,0,0
a6591c371240_jpg.rf.c2839207ccddbc69ef30fc3dc46219ae.jpg,0,0
a6792c279592_jpg.rf.a20501f6ea8b07ea39bd390495bcbe22.jpg,0,0
a79fb49aeac5_png.rf.60e679fa0f200965c60dcd4516029087.jpg,1,1
a7a21b8acc43_jpg.rf.2a52dd91070afb4ce9ac258224fa14cb.jpg,0,0
a7ea3d589152_jpg.rf.44a0c9fa8ae779cc83eb71c901e1bb2c.jpg,0,0
a830f27070c7_jpg.rf.92aa6bf656c7a434b33d0fffc946fac9.jpg,0,0
a85f171b2110_png.rf.85104d60d98d36128a1ea17f2a1d440b.jpg,1,1
a8bafcaa39ba_png.rf.26a4bc88cf080f511398a9e46285dfb2.jpg,1,1
a8da184573df_jpg.rf.1d9337f571a19b0436617818349349d2.jpg,0,0
a925904bf40c_jpg.rf.e371043ba499b58099b860e8952f751f.jpg,1,2
a9af135f56fb_png.rf.a03850d456bf41a9aca8ebb8e35bfa9b.jpg,1,3
a9dd2e2b68d2_jpg.rf.8f056daba931362861451cb4db0585ee.jpg,0,0
a9dd439f7b26_jpg.rf.ce5e1b9f27653bd49f8a80f3590a17da.jpg,0,0
a9f4762098c6_jpg.rf.c2bf440d0667ed891f9c9d6ca8260c2d.jpg,0,0
aa12a4825dba_jpg.rf.e13c115667a9462034ab2d4a98f483e5.jpg,0,0
aa7fe5686bc4_jpg.rf.e74112d855fe4bbbd70725e2a5eb3dcc.jpg,0,0
aa8d014c8f93_jpg.rf.542663d7ec4767b5acc984530feda6fd.jpg,0,0
ab2b96edff85_png.rf.196bacf7c6d230edcb9415797d4b64b7.jpg,1,1
ac2e54e806c3_jpg.rf.39860bd2d1d1ae044041108786c2dcf5.jpg,0,0
ac65cac64e72_jpg.rf.32ec64859ac1ab9824d2a3062ddedbf9.jpg,0,0
accce428d877_png.rf.59e345a3a27fac4e1bb7540cc9d5381a.jpg,1,2
ace375ded0ba_jpg.rf.2202d2eb91291f973fa0afa0b8a540e1.jpg,0,0
adfebcdcbc72_jpg.rf.20343aabd5b8cc1305d4ab97ab8b0b03.jpg,0,0
ae2208ed23e7_jpg.rf.d7793932f3d9c23833fcc68803586b43.jpg,1,2
aef0daee3b8f_jpg.rf.37f3763d2c6c5cdf52aa0a336f1cb6d9.jpg,0,0
af2566d2d737_png.rf.72d21ea50d314ce9a6293459d2e43061.jpg,1,2
af563a562a0e_jpg.rf.e1049bcd22619d6eca310170d6fa9390.jpg,0,0
af6706adf488_jpg.rf.ed45fd0f10f76c635ea2c7080db37e10.jpg,0,0
af6c7533ad2f_jpg.rf.b39b3c1b76c339f9564e0df506f21756.jpg,0,0
afac16f67a3c_png.rf.13ec2256ce75e11f1ce2212c49e13308.jpg,1,3
afd4a44cedb5_jpg.rf.512fa760a6c721b5b4c585b955f96c83.jpg,0,0
b076aa829c32_png.rf.ca0e721c2dfaa150ed844374155a6255.jpg,1,3
b1054eba91f2_jpg.rf.ad851102f338ee96c5cca5c817e029c0.jpg,1,4
b11e86be0b78_jpg.rf.0c88b61e021bd54f8b6e79bae92e1d24.jpg,0,0
b212a8f00c23_jpg.rf.a6b27edb3e3ec7d227f78df40cd14cce.jpg,0,0
b222cffca002_jpg.rf.0c027be5129b708dbc3808dc44cbbe76.jpg,0,0
b26f90934e72_jpg.rf.7458c246b2f3354ca39695241395d1bc.jpg,0,0
b2816adce9c4_jpg.rf.be2b28209a30f19b207fe5b026373227.jpg,0,0
b316f66f035f_jpg.rf.71c90ad37b9135b75088040b64db7400.jpg,0,0
b31bf62e91ca_png.rf.bd0dcc7a0619aa9a2d4a17c234568f07.jpg,1,4
b343fb50cbef_jpg.rf.2b266d878f6f4b78abf37a5bb9b8c060.jpg,0,0
b3b4f047e768_jpg.rf.510e6dbd939dc40756fdefd25d434fe0.jpg,0,0
b3fb3d8d4f9d_jpg.rf.841e3339a432cacf213edfa155a58679.jpg,0,0
b46ec9f08102_jpg.rf.4bc92c3eb36de384fbd508f2da737a18.jpg,1,9
b4909494a309_jpg.rf.274e4b9e2970d70ada82f182180a8763.jpg,0,0
b4f7ec13804c_png.rf.35c964d0973610560763a7a8fb85283f.jpg,1,2
b640945974d2_png.rf.8a2bb2ea83341a23af5548210ec6b1ca.jpg,1,3
b699f6f797fd_jpg.rf.a65576dde970e78689d1bbc4c08df759.jpg,0,0
b6edbdd70ca8_jpg.rf.1f898adbbfb560f05a20753a12646b0a.jpg,0,0
b7536a7545f1_png.rf.a65ce1013063a8507396bd0b4472a8cf.jpg,1,2
b8b6cee2f577_png.rf.9f86fae13e1ae3583646692d405947df.jpg,1,1
b8b770482a92_jpg.rf.945d3b846c5c396f256f0884162a4f4d.jpg,0,0
b91dad624f46_jpg.rf.16e72b70be4578aa6325e7ccefa08ffe.jpg,0,0
ba58d0092e9a_png.rf.c46b1f0946ce30a735f219abf8c0f85e.jpg,1,1
ba590253de9c_png.rf.e8f9e0f4cead4849dd025d4a6ff8ec90.jpg,1,1
ba81b04ef18e_jpg.rf.950f58db4f637a481788816f1a2f62a8.jpg,1,2
bb84e14c592c_jpg.rf.4a62205880f8f4696f33f86743069bc1.jpg,0,0
bdc5d713aa56_png.rf.d7d3d7711d050dcb3621f2fda2726296.jpg,1,1
bdcf3204182a_jpg.rf.9b1a41b1e153445518aeaa6a945f5622.jpg,1,7
bf1c79c722d3_jpg.rf.e8d11205ce69a9f2cfbbdf6278dcd80a.jpg,0,0
bf9e67c6514c_jpg.rf.0f7d6cf730a36656ae3bb7fdb5d5da4c.jpg,0,0
bfb91843843c_jpg.rf.54b313ebfc6cefe998eabc7f2a2199c3.jpg,1,5
bfcf5f1dcc29_png.rf.9e946411535d4f17778897af98cc43ef.jpg,1,1
c07bc7f53f7b_png.rf.432fb6d4b288f03f8278e54b3172bce9.jpg,1,1
c0f8893b1a56_jpg.rf.1a7e03190ffe95a588301e429bfc3a3e.jpg,1,1
c2f8b62ac14d_jpg.rf.cb240ee1b9f5f2d821ecbeaec4f652c1.jpg,0,0
c31db6f42891_png.rf.6c3b0889fe4b33524536b97a2d717244.jpg,1,1
c3de729cf1b4_png.rf.1ecad53128c0c2b71ba860e607193e8b.jpg,1,4
c4b1df44aaff_jpg.rf.afa77200272cd62a4ababf63a9372c2f.jpg,0,0
c4c16f1bf471_jpg.rf.0749747e99f78096473d61d38a4dde76.jpg,0,0
c54f312ee66c_jpg.rf.1d72ff5c466a757fcdbe1c7a450ee428.jpg,0,0
c5735b69a760_jpg.rf.1a21e6b245e438848d8400dd74be0455.jpg,0,0
c57aa805cb88_jpg.rf.908b1fafe209daced1b838e646e7ffe7.jpg,0,0
c5bfaca81154_jpg.rf.548c6eb615085de03c9666308e686caf.jpg,0,0
c5d5292f742f_png.rf.966af1da0b6c2ad4d0ee487e6871e828.jpg,1,3
c71b052b858e_png.rf.9f6a661e2f59a909149cf8289a523fb4.jpg,1,1
c73f233b389c_jpg.rf.ed8a0b97efd77872b75aab9179a607a2.jpg,0,0
c7c5c6b4f599_png.rf.da3ec672bcd0b50eb4b8331ae21ae065.jpg,1,1
c8ed1e33bcc3_jpg.rf.ad7efa1865cada558ba1c5ef2d82794c.jpg,0,0
c90a160747e1_png.rf.ef7b9551258e25fd6cc40b03942ceb41.jpg,1,1
c96605daaa84_jpg.rf.db797c4c1f1cc8e1cc61b4925b4ad33b.jpg,0,0
c9d3ed539341_jpg.rf.300fb2dd61c790e4a51833a48b67d373.jpg,1,4
cb0916b09b1b_jpg.rf.1410f3ecb25316959ecab0cae2377e18.jpg,1,12
cb6615826281_png.rf.0f80e4e321bd8b5a75b18b0acbc47d32.jpg,1,3
cb79a6d167ab_png.rf.520d524308ff1e7527f65259919ae586.jpg,1,3
ccbecc8799a1_png.rf.1d23694d26c39767af0bf2da924625ff.jpg,1,3
ccd95bfc43a3_png.rf.13f5ed7dd5d7a9f6a9ce3acbb4dd0163.jpg,1,2
cd3bf0a37fff_jpg.rf.301ad20d021dca9cc2d44c9932a06a42.jpg,0,0
cd68df206bce_png.rf.5ab274a0fa44dd7f589583b4e282d9a5.jpg,1,1
ce544f1d51a3_jpg.rf.edecc93fe22dfbe8d6c0290aca9c0ca8.jpg,0,0
ced736863efe_jpg.rf.2cd20f47fd9f470d460e182627893d1a.jpg,1,3
cfa54104f723_png.rf.6f1e2fb8a05e5f664232036272ed325f.jpg,1,3
cfbc5a8b0bfe_jpg.rf.5385fd6aa30714c6f11789dabf8ecc2e.jpg,1,3
cff14de50b1c_jpg.rf.3210a1ce7e44ef3ae6b353c58602cdaf.jpg,0,0
d14b0c7eb2f0_jpg.rf.fbffa787fcd4bf6fb4b9371f345d1ab4.jpg,1,5
d17596114808_jpg.rf.6f6cfaf5e6e4d531a31abb5c6d7b7557.jpg,1,5
d193fd87c561_png.rf.4270e6607b5a50f7bb15bc05100ba04a.jpg,1,2
d2925e814319_jpg.rf.4e878c625bf7a4ea4b82252ee3a34f0c.jpg,1,4
d2987f6e3f59_jpg.rf.4c7f4823bf4d3b226b59aed3dff12ce8.jpg,0,0
d38cf4148384_jpg.rf.0486171739a79791c17a9f1129caa17e.jpg,0,0
d4228ddf23eb_jpg.rf.d25c4d736e62047dce6fa66493ba24c1.jpg,1,3
d4bd7daeaaf6_jpg.rf.d09b01d4b60b404563dc6d51c59b8d10.jpg,0,0
d51fdc40e710_png.rf.a0317f28fec9de275896265a864ad5f5.jpg,1,4
d5cbc8aae629_jpg.rf.7460416940152d56bfa735f49c1fbe60.jpg,0,0
d5d89e41fa55_png.rf.f1d2cbdd6c9491ca974e86915b2d5da6.jpg,1,3
d5f965644323_jpg.rf.2490a38a4fa6874201ec7ecc6ad49d5a.jpg,0,0
d65373e80573_png.rf.32bd38943376d4d590cb73f6cc39b4b1.jpg,1,3
d719cb2cf093_jpg.rf.087b1972621165b0da1972d43ba26122.jpg,0,0
d75d4ca9a027_jpg.rf.fe3db67e7dd1cfa14453bfd54a84890d.jpg,0,0
d7a0a04f516e_png.rf.8f3037b37656fd58a049348bdbf94d19.jpg,1,1
d7dc0368e421_png.rf.c9a6987c8547f36a3d32101a22c07f6f.jpg,1,2
d8a5ef7b5920_png.rf.f3501e8279ebb695b7abd6619621e48f.jpg,1,1
d8b7670534b1_png.rf.e2a6546b0830e75e860e71f8d5a6322b.jpg,1,2
d95f9a332055_jpg.rf.03032bb692dd2c6060ef1d85aa60d929.jpg,0,0
d9706fbe4257_jpg.rf.5b999dc608165c987bf07bec5e3d2dc8.jpg,1,2
d9d5db6cc4d4_jpg.rf.24e492148e2be3e2cc0016f0a9de1cef.jpg,1,3
d9d73315ab2e_png.rf.0b25f804d2a73cb4268f8166bbe4da07.jpg,1,2
d9fc361cb74b_png.rf.4d8a12dbefae5b0dd4669f3e84d18055.jpg,1,2
da215d9748ab_jpg.rf.c3a30c9dfab4aac8f1c775c98341adc8.jpg,0,0
da5e5a30a3dc_jpg.rf.d7cd9ab1f2037f43543d5842bec620f2.jpg,0,0
db61cdaef1d0_jpg.rf.1aef4c7e8e47f3b315c7991cfb0bdba1.jpg,0,0
dc3666090e64_png.rf.a7b5602c85da4302b567a351fff343ba.jpg,1,2
dc60a142bb34_jpg.rf.3d95678580623068a84b5efd57a6ccdd.jpg,1,1
dcad1b449d7e_jpg.rf.2d3e76633642e3448fd0da95aacb4dba.jpg,0,0
dcb04779ff27_jpg.rf.f494b6070ccd129c30560f37ee3cb181.jpg,1,9
dce69c93d577_png.rf.ba6f94dd871bf872a0ab415df1988f09.jpg,1,3
dcf0fcc16eee_jpg.rf.1c4c4404f93a6b29e2f74720058973c8.jpg,0,0
dd621868c0b0_png.rf.396a85210210761cc71a1e50fc38437e.jpg,1,1
ddaf4a445696_jpg.rf.b63ada7b9aadd9b7346b3e29c6f08ed5.jpg,0,0
dde97386a1a5_jpg.rf.c743c71a65233f7812b1199bb1052596.jpg,0,0
debee02637ca_jpg.rf.39f663995423b3744e5040959b38bdb7.jpg,0,0
df8e56e5ddab_jpg.rf.4c2447142cc0fa3a9ec5e4e0770409b0.jpg,1,4
dfe04f0321ba_png.rf.fb2c9cd7c6b8fc601bd2b9e0753d44ea.jpg,1,3
dff567deefda_jpg.rf.410219ac353e3baeb7f03033978c2a86.jpg,0,0
e105734cb101_jpg.rf.96fa265de85a3241e3bdbb1ec43ce80e.jpg,1,2
e14c27804b9b_png.rf.09fa6b94edb57b56adf280ac65e2ca64.jpg,1,2
e14d2bf5fe1e_jpg.rf.5638a5314cfe2f1f2163e417591bb7df.jpg,1,4
e1821b1c2113_jpg.rf.fb139e1624cebf9b3c01794a6c963b5a.jpg,0,0
e1cb8ba1b44a_jpg.rf.78ffc0b5cedeea00f2f86a30021573d3.jpg,0,0
e209ad98959a_jpg.rf.8333a0ad2db5beed3266aae7d913f286.jpg,0,0
e27276932268_png.rf.6615c1dcc3cb15a0d725361c94a250d8.jpg,1,1
e365982ae26e_jpg.rf.d4a70abfbdf13e4b4af89465fb4151b0.jpg,0,0
e36a61d549c8_png.rf.c93cab25ae42fa936224b4d6c8ad7873.jpg,1,2
e43cca1d2f16_jpg.rf.ef379a84316935873e0684ea69e64096.jpg,0,0
e57fef7f1912_jpg.rf.9b32cd1e362bb3338221b04cd48105a5.jpg,1,9
e5af48014173_jpg.rf.a95fde8fda9e28487756b70da84db021.jpg,0,0
e62a80dde8bb_jpg.rf.778ab28933b8209fc6fee72a20a20295.jpg,0,0
e716bb8b8cfd_jpg.rf.8e6ce7b07bc1cbf78c508a169749b4e4.jpg,0,0
e82b6fad9ad8_jpg.rf.fd7dfd78c26cf64a92f96a13bee11320.jpg,0,0
e85b9074a974_png.rf.13d570c3bf7f8f32deb33bd4791f258d.jpg,1,8
e89be3033d14_jpg.rf.405b0d482446c805311b8d5f48a08766.jpg,0,0
e9531875294b_jpg.rf.4c402a92371015c19e9c34a81cfc8874.jpg,0,0
e98837ae0b95_jpg.rf.22702f06b910865182d38af71b3f22af.jpg,1,5
e989b2530a3f_png.rf.c2f37ffed5862b3c3e000757b9f7b8a2.jpg,0,0
e998ed1504e9_jpg.rf.7b86e248a462c01d52aa4986719e2807.jpg,0,0
e9c0657bf591_jpg.rf.8309c6cc5871f73e85c2a8dc7c7bc8c7.jpg,0,0
ea43f953cce9_jpg.rf.4d331c54b4ff965b59695b5fecd9a3de.jpg,0,0
ea4c53b05b34_png.rf.fbf54ed24f2379124c1bc2991b41201c.jpg,1,3
eaf9d447b859_jpg.rf.1d22da341d189ac8bb3bdd6ca95593db.jpg,1,9
eb1d50c8793a_jpg.rf.1e390f4162d538b1121c7b7611d9f4a7.jpg,0,0
eb51ae4b2b4b_png.rf.1db698340fafea845280cde4f7e33dac.jpg,1,5
eb7f3fc52ef6_png.rf.25dc1400cd904a2049729fe390305860.jpg,1,2
ec03f4dba017_jpg.rf.3af400d238ccf6e8b81fffa0b134c060.jpg,1,2
ec9569319763_jpg.rf.fabc1e4531cea390d3e4033b8d5f2126.jpg,0,0
ec9a9cb89609_jpg.rf.57b4a4aecdfe4719effd6cf6e80a4a50.jpg,0,0
ece36f53fa5a_jpg.rf.fe055a3feb00c777b9d4f6d1e7dd2d8f.jpg,0,0
ed61881ca78e_jpg.rf.633ed70898e42f1462de9d0d95648071.jpg,0,0
ee8324c9ed3a_png.rf.ae1429930087506a672d468e54a66db0.jpg,1,2
eec868fa3291_jpg.rf.a7249f5c3e4a065fa34a71b5c6ad595e.jpg,1,5
ef8b496173fe_jpg.rf.f91806f9a06e7bc5b45abf6ebd330ddd.jpg,0,0
f0121fc8180f_jpg.rf.cdb501f3604905a7361aec6b379cc4a3.jpg,1,3
f05f9586106a_jpg.rf.d90a52ba39c7c9bc722bcd721e55b63d.jpg,0,0
f07ec90c306c_jpg.rf.f307f8cd1f44e52389eb1ac0233201f3.jpg,0,0
f0b47de6ebb4_jpg.rf.6b006fccb82e5f6bdaf192c2963a05bd.jpg,0,0
f0baccac40bd_jpg.rf.c4e6ac7d1d73469e573cd4eb8a046e4d.jpg,1,2
f0f160a5e7fa_jpg.rf.d2f1ee3775e47d677af671361d9a0b4e.jpg,1,2
f104ac8e48be_png.rf.7bd47251390404985faa7c9823dcd103.jpg,1,2
f10ed974dadc_jpg.rf.4229a15c38ddbd8a6e18381ba6341078.jpg,0,0
f198f0c64f0a_jpg.rf.cb43daee0417cb2e3b0f4c9845f3c8b4.jpg,1,3
f1a03a1e4830_jpg.rf.d9579325cae764fca5235377d7acbbdc.jpg,0,0
f31b3c019cb9_jpg.rf.6204d47bcfd5e72cd578d501d5cb4969.jpg,0,0
f432afe02ad7_jpg.rf.26ae52265ff688181efba4a448e2ae57.jpg,1,6
f447e32e18c4_jpg.rf.6e2fb0f418e3f24b3f9e085f6c44f230.jpg,1,5
f56d229d569a_jpg.rf.b04bdfdcc1b2578f57d5d084537195a7.jpg,1,2
f6625d881b1d_jpg.rf.939fac4956bc91d3dcd3431c1e0cb2fe.jpg,0,0
f7622d064ed7_jpg.rf.beaace2df63a6feeafeaa9daf4bc444c.jpg,1,6
f812cb4bbb98_jpg.rf.67eb7f46c979f0b54de7ff79f9ab0f7f.jpg,0,0
f87542beefa8_png.rf.e24f4f99d80d5b0e39dc9bef5664be27.jpg,1,1
f87e1fb57b96_jpg.rf.62f4003432cfe29c3461a1e98fb5b63e.jpg,0,0
f88276207bfc_png.rf.106912c75acc5521b4af3b1add374761.jpg,1,3
f8d0f49efa40_jpg.rf.dbd31046fbd17d1cf840b995bc447876.jpg,0,0
f9f11b7c98f4_jpg.rf.0f1292ad5443ee2c23ebe335f4ab4076.jpg,1,2
fb7027dc018f_jpg.rf.d52dc26ecc2264992cdaf905b676599c.jpg,0,0
fbbb5320f9dd_jpg.rf.d851a941b8fc8d7816ab3b31dbe2fe45.jpg,0,0
fc4e9267b22a_png.rf.c738a246147cb22b471042b3ede34adc.jpg,1,5
fc87f76d65cc_png.rf.3c0e76d6f77c0713448df62a6eb3b2f5.jpg,1,2
fd22f2ab386d_jpg.rf.f457922ee3f712e03baae8dcf73b2a8d.jpg,0,0
fd7e9a1e6999_jpg.rf.a170cbdc5a8efb8c56b9b8fb8242aa8e.jpg,0,0
fe69e8661398_jpg.rf.13c3338d07d7fc8dccc9a5b26a65ced9.jpg,0,0
fea471951a2b_jpg.rf.3c9065e97d08b9b8a97ba13165a6b8c5.jpg,0,0
ff56d2b31ffd_png.rf.aed6d9193034b3d49d2b15f4cf5f9244.jpg,1,1
ffa7f6e5f586_jpg.rf.58816f9f135ed34d80102947dc1ff0b7.jpg,0,0
ffd24540513f_jpg.rf.7bdd03d8fd7b14a824660a8c444e49be.jpg,0,0
